0,胡歌的发型怎么做？	发型|||胡歌
1,美图秀秀表情签教程	美图秀秀
2,"启动迅雷时,右下角图标看不到怎么办"	迅雷
3,苍穹红颜赋这首歌哪里可以找到？	苍穹红颜赋
4,2010年香港有什么喜剧片和恐怖片	香港|||喜剧片|||恐怖片
5,新浪微博是不是举办二周年庆典活动	新浪微博
6,为什么我的迅雷总是崩溃	迅雷
7,如何在网页中加入百度地图	百度地图
8,PPS和风行看电影哪个好?	风行
9,"DNF鬼泣觉醒任务,要现在的。"	dnf鬼泣
10,傲视天地装备交易	傲视天地
11,全国组织机构代码管理中心电话	全国组织机构代码管理中心
12,广州建国酒店电话多少？？	广州
13,打开IE点了网页会自动重启	nil
14,南方都市报是哪一年进入东莞？	东莞|||南方都市报
15,哈里森福特都演过哪些电影？	哈里森福特
16,exom台湾综艺节目有哪些啊	台湾
17,求哈利波特电影全集，百度网盘，谢谢！	百度|||哈利波特
18,汉王电纸书一般多少钱？最便宜的又是多少？	汉王电纸书
19,yy名字粗体字怎么打	nil
20,IPSA的自律循环液	自律循环液
21,瑞星卡卡要不要安装	瑞星
22,雅漾痘痘肌肤防晒霜用完后为什么会有一层膜	雅漾
23,瑞星怎么把这个进程报成木马防御	瑞星|||木马
24,小米4和华为荣耀6那个好	小米|||华为
25,"微信投票成功字样怎么发送上聊天,"	微信
26,我这是七喜HEDY电脑忘记密码了怎么办？	七喜hedy
27,魔域新手卡领取问题D326D285B287:D329BB287:D362	魔域
28,电视剧仙剑奇侠传3图片下载	仙剑奇侠传3
29,QQ2010怎么隐藏QQ空间	qq2010|||qq空间
30,人鱼的旋律歌曲下载	人鱼的旋律
31,95500中国太平洋保险？什么状况？	中国太平洋保险
32,问道宠物升级药在哪里买？	问道
33,请问台湾驻中国大使馆的联系方式？	中国|||台湾|||大使馆
34,有网易得游戏账号 网易新手卡还能奖励吗	网易
35,贝加尔湖是不是世界上最深的湖?	贝加尔湖
36,哈尔滨高中数学家教多少钱一个小时	哈尔滨
37,请问天津市南开区鼓楼派出所的地址和电话?	鼓楼|||天津市|||南开区|||派出所
38,长沙明德中学2009年高考	明德中学|||长沙
39,长沙星沙华夏医院专家权威吗？	华夏医院|||星沙|||长沙
40,沈阳高考英语家教可以去韦德一对一家教么	韦德|||沈阳|||英语
41,旋风管家第二季的片头曲和片尾曲是什么	片尾曲|||旋风管家|||片头曲
42,九代雅阁2.0噪音大与机油有关吗	雅阁2.0
43,我这手机能使用移动3G卡吗？	3g
44,诺基亚6788i怎么改主题?	诺基亚6788i
45,iphone5什么浏览器哪个省流量	浏览器|||iphone5
46,百度知道财富怎么获得	百度知道
47,苏州华硕工资卡	工资卡|||苏州|||华硕
48,手机qq斗地主安卓版问题	安卓|||qq斗地主
49,lg棒棒糖手机价格	lg棒棒糖
50,英国伦敦机场注意事项	伦敦|||英国
51,红米note屏幕是什么屏幕	红米note
52,求重生之豪门刷脸系统.txt百度云谢谢	百度云|||重生
53,诸葛亮的简介50~100字	诸葛亮
54,qq三国装备强化	qq三国
55,户户通高频与卫星锅尺度有关系吗	卫星锅|||户户通
56,急！！杭州冰泽下的环球网可靠吗？	杭州|||环球网
57,为什么安卓应用程序总是后台运行	安卓|||应用程序
58,美国服装品牌 中国没有的	中国|||美国
59,qq空间个人中心	qq空间
60,h2o水芝澳护肤品怎么样	护肤品|||h2o水芝澳
61,win7旗舰版激活码	激活码|||win7
62,开心农场怎么添加好友	开心农场
63,NBA中的大将军，阿里纳斯是不是很叼？	nba|||阿里纳斯|||大将军
64,关于边锋手机版三国杀的问题	三国杀
65,qq游戏中的英魂之刃怎么拖到电脑桌面上.	qq游戏|||英魂之刃
66,2006年中国有多少移动电话用户数？	nil
67,联通苹果4代手机 有WIFI吗	联通|||苹果4
68,金立手机 qq下载	qq|||金立
69,暗黑1.13中文补丁	暗黑1.13
70,烽火三国2武将叛逃怎么办	烽火三国2
71,温州瑞安身份证	瑞安|||身份证|||温州
72,瘦人吃时时清好用吗	nil
73,怎样泡大海绵宝宝	海绵宝宝
74,关于湖南高中生物学竞赛	湖南
75,coco洗发水跟美多丝哪个好闻	美多丝|||洗发水
76,谁能提供几个Discuz论坛的插件	论坛|||discuz
77,联通3G网卡怎么发短信查询流量	联通3g
78,淘宝店铺主页装修代码！！！	淘宝
79,洛克王国为什么我VIP3级了都没有积分	洛克王国
80,淘宝普通店铺的宝贝图片规定是多大的呢？	淘宝|||宝贝
81,关于联通3G套餐更改问题	联通3g
82,2010湖北高考语文试卷？	湖北
83,苹果5s银白色32g95成新多少钱	苹果5s
84,暗黑破坏神2 运行问题	暗黑破坏神2
85,McAfee麦咖啡与卡巴斯基哪个好	mcafee|||卡巴斯基|||麦咖啡
86,鱼鱼桌面秀怎样彻底删除？	鱼鱼桌面秀
87,明天北京8级大风？天气预报准确吗？	北京|||天气预报
88,华为5x什么颜色好看	华为5x
89,吴映洁结婚了吗 老公是谁	吴映洁
90,苹果手机还原设置的初始密码是多少？	nil
91,dnf决斗场装备强化限制	决斗场
92,我的少女时代百度云	我的少女时代|||百度云
93,一周偶像fx提世勋cut	提世勋
94,手机丢了微信怎么办，己绑定了QQ	qq|||微信
95,威海和珠海哪个发达？	威海|||珠海
96,日本拍哪些中日战争电影	中日战争|||日本
97,与诸葛亮相关的故事有？	诸葛亮
98,剑侠情缘3这个游戏怎么样？	剑侠情缘3
99,王俊凯怎么遇上一字佳宁	王俊凯
100,qq游戏宝宝里面的天天免费砸蛋网站多少	qq游戏
101,淘宝卖的10寸小米平板是真的么	小米平板|||淘宝
102,香港购买的药品如何辨别真假？	香港
103,lol永恒梦魇好吗	永恒梦魇|||lol
104,韵达快递价格	韵达
105,QQ飞车的角色怎么删除	qq飞车
106,波克城市斗地主好玩吗？能赢手机话费是吗？	波克城市
107,2015上海首套房贷款买房利率知多少？	上海
108,ie浏览器官方下载	ie浏览器
109,mac双系统怎么装IE浏览器	ie浏览器
110,霍建华喜欢林心如吗	林心如|||霍建华
111,砀山县城到灰铺村坐什么车能到	灰铺村|||砀山
112,甲午中日战争给中国带来的危害?	中国|||甲午中日战争
113,求甲午中日战争1000字论文一篇	甲午中日战争
114,QQ上绑定的银行卡密码忘了怎么办？	qq
115,索尼ST25I现在报价，	索尼st25i
116,OPPO n3的主板多少钱？	oppon3
117,英朗XT1.6T为什么油耗那么高	英朗xt1.6t
118,lumia 2520 激活查询	nil
119,手工皂哪家好，淘宝挑花眼了啊	淘宝
120,傲视遮天攻城奖励怎么去拿	傲视遮天
121,广东联通卡在湖南可以充值么	联通|||广东|||湖南
122,僵尸王爷百度云盘资源手机观看的	百度云盘|||僵尸王爷
123,如何购买台湾的股票，如何操作	台湾|||股票
124,戴尔7420开机后没显示主机在运转	主机|||戴尔7420
125,约会荷花阅读答案	荷花
126,温健婷男朋友照片	男朋友|||温健婷
127,怎样用手机下载QQ2010	qq2010
128,用梦幻工具箱(非网页版)会被封号吗？	nil
129,怎样注册百度	百度
130,天津地理高考题	天津|||地理
131,中国邮政网站中奖号码	中国邮政
132,海南那里能买到好的水果？	海南
133,QQ空间不能显示好友说说	qq空间
134,钓鱼岛现在实际控制在日本 还是中国？	中国|||钓鱼岛|||日本
135,广西自主招生的高职院校有那几所？	高职院校|||广西
136,海尔手机炒股软件装什么好?	海尔
137,关于曹操、关羽、刘备、诸葛亮的介绍	关羽|||曹操|||诸葛亮|||刘备
138,南极人保暖内衣在深圳哪里有批发厂家	保暖内衣|||深圳|||南极人
139,东风日产骊威备胎比轮胎小么？	骊威|||东风日产
140,中国历史常识大全	中国历史
141,麦迪的职业生涯数据	麦迪
142,贴吧管理计划	贴吧
143,王俊凯微博号是多少	王俊凯|||微博
144,重庆南岸区公安局地址在哪里	重庆|||公安局
145,酷狗音乐歌怎么下载到桌面上	酷狗音乐
146,我的世界手机版服务器，要ip	我的世界
147,参加过昆明航空面试请教下下	昆明航空
148,iphone6后壳边缘氧化能换吗	iphone6
149,是捷豹xj3.0好还是奥迪a83.0	奥迪|||捷豹xj
150,ATI--软件卸载实用程序是什么软件程序	nil
151,联想笔记本如何关闭触摸板?	触摸板|||联想笔记本
152,玩LOL时FPS很低，求解。	lol
153,小米手机经常死机然后自动重启是什么原因？	小米
154,联想S899T手机打电话死机	联想s899t
155,米4手机咋看真假	米4
156,美菱bcd-159冰箱的耗电是多少呢	美菱
157,英雄联盟1块钱多少点卷	英雄联盟
158,天猫商城怎么投诉	天猫
159,从海贼王谈中国动漫...	中国
160,"大话西游2 5坐骑、,准确一点，谢谢。"	nil
161,沈阳辽宁中医药在哪里？？？	沈阳|||辽宁
162,QQ游戏斗地主赠送的宝宝精元有什么用	宝宝精元|||qq
163,郭富城的幽灵之子是不是法拉利	法拉利|||郭富城|||幽灵之子
164,成都哪里有向日葵花海？	向日葵|||成都
165,海康威视远程监控忘记用户名	海康威视
166,上海野生动物园攻略	上海|||动物园
167,关于支付宝卡通邮政掏宝绿卡安全问题!	卡通|||邮政|||支付宝
168,有关毛泽东战斗的故事	毛泽东
169,《天天向上》门票多少钱一张？	天天向上
170,保时捷911平时应该怎么保养？	保时捷911
171,雅诗兰黛红石榴水 30ml小样 真假鉴别	雅诗兰黛
172,为什么顺丰快递查询是这样的	顺丰快递
173,圆通快递不让验货后签收，这个规定是否违法	圆通快递
174,火箭VS76人哪里直播	火箭
175,12306订票网站打不开	nil
176,QQ三国1到80级升级经验表谁能给个？	qq三国
177,苹果版穿越火线钻石如何购买	钻石|||穿越火线
178,小花仙安德鲁占卜准吗	nil
179,中兴m910c重启怎么办	中兴m910c
180,搜狐网站的网址是	搜狐
181,中央电视台天气预报的工作人员是谁	中央电视台|||天气预报
182,新浪微博手机客户端登陆耗费流量吗？	新浪微博
183,地下城如何解防沉迷	地下城
184,360手机卫士官方下载	360手机卫士
185,P2P网贷平台怎么做微信营销	微信|||p2p
186,手机上QQ斗地主耗费流量大吗？	qq斗地主
187,四川烹饪学校哪里好？	四川
188,用手机号和微信注册jj斗地主忘了号怎么办	jj斗地主|||微信
189,小米3更新系统后无法开机	小米3
190,中东富豪的生活是怎么样的？	富豪|||中东
191,淘宝网与天猫那个网站比较好	淘宝网|||天猫
192,如何用银行卡上面转账到支付宝上	支付宝
193,有雅茜不粘锅这个品牌吗	雅茜
194,招商银行的房贷利率	招商银行|||房贷
195,中国保险公司排名情况是怎样的?	中国|||保险公司
196,q币怎么能转到支付宝上	支付宝
197,2013年湖南卫视在线直播在哪看	湖南卫视
198,ie浏览器就是一个垃圾	ie浏览器
199,联通手机业务查询	联通
200,天天乐节目4位竞走美女出场曲是什么	出场曲|||天天乐
201,华为荣耀4C移动版两个卡槽都支持4G吗	华为|||4g
202,纽贝兰朵羊奶粉里的opo成分有什么作用	纽贝兰朵|||羊奶粉
203,中国海军何时成立	中国海军
204,shinee上一周偶像几次！	nil
205,金钱豹自助餐价格	金钱豹
206,中南半岛与马来群岛的气候相同的原因	中南半岛|||马来群岛
207,《中国人民共和国未成年人保护法》摘要	未成年人保护法
208,技嘉显卡gt730d5—2gl适用主板	技嘉
209,宝马轮胎开两年后是否要前后调整	宝马
210,想知道: 烟台市海阳凤城格林豪泰在哪？	格林豪泰|||海阳|||凤城|||烟台市
211,淘宝分销平台网址	淘宝分销平台
212,1790年中国发生了什么事情？谢谢大家。	中国
213,我的小米3没有插入耳机却显示耳机模式	小米
214,京东和天猫买个买衣服好	京东|||天猫
215,苹果6S估计市场价会是多少？！？	苹果6s
216,尼格买提工资多少	尼格买提
217,厦门鼓浪屿明信片价格	厦门|||明信片|||鼓浪屿
218,反恐精英ol怎么炸房	反恐精英ol
219,求一些好看的喜剧电影中国的现代的	中国
220,怎么用PPS下载视频	nil
221,sky支付平台跑路了吗？	sky支付平台
222,qq炫舞怎样才能得到八音盒棒棒糖	棒棒糖|||qq炫舞
223,红米note2怎样连接到xp系统电脑	红米note|||xp系统
224,2009广东高考填报志愿网站	广东
225,格力112多联机显示00aha0故障代码	格力
226,洛阳哪儿有卖青青蔬菜水果减肥药	减肥药|||洛阳
227,昨日帝王篇是谁唱的，找不到原创的	昨日帝王篇
228,帮我算一下桌面提醒精灵的注册码，谢谢了。	注册码|||桌面提醒精灵
229,膨胀水箱的作用是什么	膨胀水箱
230,张杰谢娜勇往直前的视频	张杰|||谢娜
231,中国移动的宽带网与广电的哪一个快	中国|||广电
232,“暮光之城 月食”电影的上映时间	月食|||上映时间
233,中国传媒大学广播电视编导考试	中国传媒大学
234,IE浏览器保存在电脑的什么地方？	ie浏览器|||地方
235,中国电信3G网络用的是卫星信号传送？	卫星|||中国电信|||3g
236,宝马MINI有几款车	宝马mini
237,如果1987年中国和印度开战	中国|||印度
238,求类似于老友记这样的美剧...	老友记
239,JAVA手机短信如何备份？	java
240,支付宝余额转出必须哪个银行的卡	支付宝
241,农行网银浏览器证书问题！！！！！！！	农行|||浏览器|||证书
242,网上哪里可以买到酷比魔方真品啊？	酷比魔方
243,窝窝团上金逸影城的电影票节假日可以用么？	金逸影城|||窝窝团
244,美人心计幼年张嫣的扮演者	美人心计|||张嫣
245,介绍下日本的几个著名景点!	日本
246,神舟战神K650D这台笔记本怎么样？	神舟
247,神鬼世界什么职业就厉害？	神鬼世界
248,我的诺基亚Lumia 520 耳机不响了	诺基亚lumia
249,别克昂科雷和凯迪拉克srx哪个更好	别克昂科雷|||凯迪拉克srx
250,诺基亚520需要剪卡 怎么剪啊	诺基亚520
251,暗黑破坏神3什么时候出来？	暗黑破坏神
252,请问ppc 电话簿被覆盖了 怎么找回来啊	电话簿
253,三星手机如何安装ANYVIEW	三星|||anyview
254,金山卫士如何显示流量监控？	金山卫士
255,技嘉z97主板进pe系统鼠标没反应	鼠标|||技嘉|||pe系统
256,江西事业单位面试问题	江西
257,九阳的电磁炉怎么样？？？	九阳
258,三星3s如何关闭免提模式	三星3s
259,步步高朗文4988下载问题	步步高朗文4988
260,PS排字怎么做？我用的美图秀秀	美图秀秀
261,广州家教口碑最好的是？	广州
262,联通宽带错误代码651	联通
263,37wan网页游戏平台	37wan网页游戏
264,联通2G升级到3G在网上怎么办理	联通|||3g
265,37wan墨攻是墨攻官网吗？	37wan|||墨攻
266,左耳云盘百度的	百度|||云盘|||左耳
267,新桑塔纳和全新威驰买哪个好？	新桑塔纳|||威驰
268,《鼠来宝4》电影迅雷下载地址	迅雷|||鼠来宝4
269,刘若英演过哪些电视剧	刘若英
270,吴晓敏和朴树	吴晓敏|||朴树
271,WOW为什么一召唤坐骑BB就伤血啊	wow
272,电信天翼手机怎样用短信开通流量包啊？	电信|||天翼
273,现在只有中国电信4G上网卡吗？	中国电信|||4g|||上网卡
274,宽带连接密码忘记了怎么办	nil
275,电信ip电话加什么	电信
276,剑侠2查找角色问题	剑侠2
277,魔兽争霸连不上battle.net	魔兽争霸
278,天龙八部2是3D网游吗？	网游|||天龙八部|||3d
279,暗黑者在线观看全集还不能看吗	nil
280,TP宽带路由器可以限制用户流量吗？	路由器
281,街机三国的魔王貂蝉怎么打？	貂蝉|||街机三国|||魔王
282,想问下海尔的冰柜 BC&#47;BD	海尔|||冰柜
283,百度知道怎么回答问题啊？	百度
284,qq号丢了全民k歌还能上去吗	qq|||全民k歌
285,QQ阅读里，书券用来干嘛	qq阅读
286,腾讯为大爱清尘配捐活动有哪些媒体报道过	腾讯|||大爱清尘配捐活动
287,威海职业学院宿舍疑问	威海职业学院
288,谁知道为什么日本要侵犯我们中国的土地呢？	中国|||土地|||日本
289,还有什么关于诸葛亮的故事？	诸葛亮
290,王俊凯一周用200，真的吗	王俊凯
291,QQ游戏的Q币购物券 怎么什么都买不了了	qq游戏
292,iphone6上都装什么软件？	iphone6
293,小米平板电脑电量不动	小米平板
294,lol梦魇好吗	lol
295,东莞禁止摩托车走可以骑助力车吗？	东莞|||摩托车|||助力车
296,中国平安保险查询	中国平安保险
297,宝铂手表春宫系列的价格多少钱一个	宝铂手表
298,广东省茂名化州市有什么快递公司的分点？	茂名|||广东省|||化州市
299,怎么在对方QQ好友列表里删除自己？	qq好友
300,QQ飞车亲密度要多少怎么才能结婚？	qq飞车
301,腾讯桌球安卓和IOS能对战吗?	腾讯|||ios|||桌球|||安卓
302,现在上海买房的政策	上海
303,如何让IE浏览器反应速度变快？	ie浏览器
304,IE浏览器删除怎么恢复	ie浏览器
305,杜淳、贾乃亮、陈坤、霍建华，谁比较帅？	陈坤|||霍建华|||杜淳|||贾乃亮
306,美国与中国可能开战吗	中国|||美国
307,甲午中日战争对日本的影响	日本|||甲午中日战争
308,索尼st25i 怎么连接电脑升级?	索尼st25i
309,oppo手机插韩国卡可以用么？	韩国
310,英朗gt汽车尾灯质保多久	英朗gt
311,侠义水浒传多长时间恢复一点体力	侠义水浒传
312,百度云盘同步盘的问题	百度云盘
313,镇江大港哪边可以炒股开户？	大港|||镇江
314,哪里可以看到这本小说《泼墨似水染风华》	泼墨似水染风华
315,镇海炼化团员每年都要参与评议吗？	镇海
316,求大神把两张照片ps到一起	nil
317,cnc手柄不亮了怎么办	手柄
318,百度知道上怎么换头像？	百度
319,武汉的地理特征是？	武汉|||地理
320,中国邮政网贺卡兑奖	中国邮政
321,冒泡手机网游幻想三国OL异人带什么武器？	网游|||幻想三国ol
322,怎么样别人QQ空间不能显示我对朋友的评论	qq空间
323,求关于钓鱼岛的文章	钓鱼岛
324,易语言 是用什么软件开发出来的？	易语言
325,三国里曹操 刘备和诸葛亮有什么不同	曹操|||诸葛亮|||刘备
326,中国真的在建造航空母舰吗？	中国|||航空母舰
327,"F1比赛中,是赛车还是车手更重要?"	nil
328,苹果4手机的桌面怎样调整	苹果4
329,NBA 球员麦迪的生涯数据	nba|||麦迪
330,王俊凯的微博是什么	王俊凯|||微博
331,sublime text 2插件	nil
332,河南省周口市公安交通管理局	交通管理局|||公安|||周口市|||河南省
333,手机QQ音乐读取歌词的位置	qq音乐
334,我是证人 有的话百度云盘账号留下	我是证人|||云盘
335,我的世界服务器注册不了？？	我的世界
336,易清兰中国有多少个易清兰	中国|||易清兰
337,台电酷闪U盘系统启动盘制作	u盘
338,昆明航空公司怎么样	航空公司|||昆明
339,港版iPhone6屏幕最上面总是黑一半	iphone6
340,云南昆明捷豹xj70万能买到?	捷豹xj|||云南
341,如何上传图片到百度	百度
342,如何关闭联想笔记本触控板	触控板|||联想笔记本
343,thinkpad usb关机充电	usb
344,摩尔洗衣机性价比怎么样？	摩尔洗衣机
345,联想手机存储卡	存储卡|||联想
346,小米的智能手环可以链接苹果手机嘛	智能手环|||小米
347,苏宁易购和京东商城买冰箱哪个好？	京东商城|||苏宁易购
348,为什么我一开英雄联盟电脑就重启。	英雄联盟
349,怎么网上查不到联想笔记本80r9	联想笔记本
350,怎么加入天猫	天猫
351,海贼王剧场版11几时出	海贼王
352,部落冲突账号	部落冲突
353,大话西游2十四剧情	大话西游2
354,斗地主抽奖中了一Q币如何用来购买欢乐豆	nil
355,郭富城《动起来》 的歌词是？？？？？？	郭富城
356,WINDOWS7怎么设置桌面背景	windows7
357,海康威视硬盘录像机不通电摄像头能监控吗	海康威视|||摄像头|||录像机
358,昆明野生动物园门票价格	动物园|||昆明
359,支付宝安全问题?	支付宝
360,毛主席全身瓷像价格	毛主席
361,《天天向上》门票多少钱一张？	天天向上
362,中国平安保险怎么查代理人编号	中国|||代理人
363,三国杀卡牌出来的具体时间	三国杀|||卡牌
364,EMS现在可以寄手表吗?	ems|||手表
365,为什么鲁大师检测显卡.显示结果系统故障	显卡|||鲁大师
366,在12306火车票网上订票官网怎么退票	火车票
367,qq空间相册怎么加音乐	qq空间
368,手机qq登录问题	qq
369,今天捡了个苹果4s可是有屏幕锁，唉咋办	苹果4s
370,QQ三国升级经验表	qq三国
371,TNT上海到新西兰快递多久	上海|||新西兰
372,小花仙安德鲁是什么国的？	nil
373,cf哪个区高手营多人玩爆破？	nil
374,itunes音乐分类	itunes
375,搜狐快男投票网站	快男|||搜狐
376,中央电视台天气预报工作人员都有谁？	中央电视台|||天气预报
377,新浪微博如何分享音乐	新浪微博
378,地下城解防沉迷填写	地下城
379,360手机卫士怎么把桌面图标取消	360手机卫士
380,如何管理微信公众平台用户如何管理	微信|||公众平台
381,用手机QQ玩一局斗地主耗多少流量	qq
382,四川烹饪专科学校有哪些比较好的专业	四川
383,从小米官网买的小米平板二贴有膜么	小米平板
384,康师傅干拌面热量	康师傅
385,淘宝里的淘江湖抽奖是真的么？	淘宝
386,支付宝现在能用了吗	支付宝
387,如何往澳门大丰银行的帐户汇款？	大丰银行|||澳门
388,中国到底有多少保险公司？排名怎样？	中国|||保险公司
389,原型虐杀 要取基因的人死了怎么办	原型虐杀
390,q币可以换支付宝的钱吗，怎么换，急用	支付宝
391,优酷上吹口哨的英文神曲叫什么名字	优酷
392,急求湖南卫视在线直播地址	湖南卫视
393,qq浏览器免流量使用方法	qq
394,qq与手机号绑定，怎么取消？详细点	qq
395,周炜相声小品专辑，谁知道？	相声|||周炜
396,华为荣耀4c 怎么样？	华为荣耀4c
397,中国有没有航空母舰	中国|||航空母舰
398,中国海军有什么装备	中国海军
399,马来群岛在哪个国家	马来群岛
400,索尼笔记本 快捷键驱动	索尼笔记本|||快捷键
401,无锡火车站附近有格林豪泰吗	格林豪泰|||火车站|||无锡
402,淘宝网上的分销平台在哪	淘宝
403,淘宝商城退货问题	淘宝商城
404,珠海神鹰安防监控器材有限公司骗子公司	珠海
405,安卓系统如何格机	安卓系统
406,杨幂被潜规则了吗？	杨幂
407,苹果6s怎么分期首付多少	苹果6s
408,移动10086话费查询	nil
409,小米手机忘了锁屏密码怎么办	小米
410,步步高y13il能申请扣扣号吗	步步高y13il
411,厦门鼓浪屿景点最新门票价	厦门|||鼓浪屿
412,反恐精英OL改刀	反恐精英ol
413,pps会自动关闭	nil
414,武汉做棒棒糖花束?	武汉|||棒棒糖
415,红米note的生活黄页怎么开启	红米note|||生活黄页
416,内蒙古高考怎么填报志愿	内蒙古
417,广州哪里卖室内空气净化器？	广州|||空气净化器
418,张杰谢娜视频	张杰|||谢娜
419,"老挝1号卫星,中国能收到吗"	卫星|||中国|||老挝
420,月球地质构造?	月球|||地质构造
421,苯巴比妥副作用大吗？适合儿童用药吗？	苯巴比妥
422,中国传媒大学广播电视编导文化分数要多少	中国传媒大学
423,黑洞与月球的关系	黑洞|||月球
424,进入IE浏览器在页面上按右键没反应	ie浏览器
425,电信3G网络速度	电信|||3g
426,宝马车最小排量，帮帮忙告诉我一下	nil
427,为什么中国要捐款菲律宾	中国|||菲律宾
428,推荐一部和《老友记》类似的美剧	老友记
429,关于iphone4 备份短信	iphone4
430,农行网银与WIN7不兼容啊	农行|||win7
431,酷比魔方的充电问题？？？？	酷比魔方
432,戴尔笔记本开机黑屏	戴尔笔记本
433,手机qq聊天费流量吗	qq
434,请问在窝窝团上购买团购券怎么退？	团购|||窝窝团
435,林心如美人心计嘴巴那么丑呢	美人心计|||林心如
436,日本著名旅游景点	日本
437,厦门家庭旅馆推荐	厦门
438,HP1536激光一体机如何控制传真	hp1536
439,索爱手机查询通话时间	索爱
440,山寨版PSP能不能玩战神手机版	战神
441,金锣火腿肠的价格大概是多少？	火腿肠|||金锣
442,神鬼世界45灵魂装怎么弄?	神鬼世界
443,上高匹克工资怎么样?	nil
444,诺基亚625h连接电脑怎么下软件？	诺基亚625h
445,丰田汉兰达、怎么样	丰田汉兰达
446,求周杰伦所有电影。	周杰伦
447,诺基亚5800 触摸屏坏了	诺基亚5800
448,华为5x nano sim卡怎么换	华为5x
449,装了无线路由器 安卓手机搜不到网络	安卓|||路由器
450,松下果汁机价格	松下
451,四川2010年政法干警招录在哪里考试？	政法干警|||四川
452,投诉中国工商银行工作人员有用吗？	中国工商银行
453,黑莓8830支持哪些视频格式	黑莓8830
454,步步高电子词典如何下载？	步步高|||电子词典
455,用美图秀秀怎么排字	美图秀秀
456,福州学大教育是做一对一培训的吗？	福州
457,联通宽带上网网速怎样？	联通
458,我要百度云盘，左耳链接，速度啊	百度云盘|||左耳
459,oppo827t如何扫路由器条码	oppo827t|||路由器
460,电脑待机状态下迅雷下载还能继续下吗？	迅雷
461,爱情公寓4的迅雷下载地址哪里有？	迅雷|||爱情公寓
462,刘若英郑州演唱会可以买票了吗？	刘若英|||郑州
463,那些花儿的歌词	那些花儿
464,电信一卡双号虚拟号能不能发送短信	电信
465,中国电信的IP电话号码是什么?	中国电信
466,剑侠情缘2忘记区怎么查询	剑侠情缘2
467,魔兽争霸battle.net是什么	魔兽争霸
468,天龙八部二是3d的吗？？？	3d
469,暗黑破坏神3魔法师和狩魔猎人哪个强	狩魔猎人|||暗黑破坏神|||魔法师
470,街机三国为什么有人会带过魔王地图	街机三国|||魔王
471,海尔冷柜SD-332适合夏天室外使用吗？	海尔
472,美的空调 显示屏出现E5是什么意思	显示屏|||美的空调
473,戴尔笔记本电脑如何安装360免费WIFI	戴尔笔记本|||360免费wifi
474,海尔gh901油烟机价格	海尔gh901
475,戴尔灵越14R的小键盘在哪?	戴尔灵越14r
476,电脑开机启动特别慢	nil
477,戴尔M4400和M6500哪个好	戴尔m4400|||m6500
478,佛山哪个屠宰场有三杂猪	三杂猪|||佛山
479,电视剧《年轮》片头曲	年轮|||片头曲
480,郑多燕减肥操全集视频	郑多燕
481,《爱丽丝梦游仙境》读后感	爱丽丝梦游仙境
482,移动飞信是扣流量费吗？	移动飞信
483,云南，中国，东亚，昆明，亚洲，排列	中国|||云南|||东亚|||昆明|||亚洲
484,诺基亚 5320报价	诺基亚5320
485,九阳豆浆机的寿命一般是多长时间？	九阳豆浆机
486,东贝冰淇淋机价格	东贝冰淇淋机
487,阿里旺旺头像上有三个点	阿里旺旺
488,张杰谢娜谁年龄大	张杰|||谢娜
489,全民飞机大战怎么玩	全民飞机大战
490,驾驶证转入聊城	驾驶证|||聊城
491,倩碧的化妆品好吗?价位大概是多少?	倩碧
492,过年去武汉的男朋友家，送什么礼物好？	男朋友|||武汉
493,玉溪烟专供出口的是不是假的？	玉溪烟
494,华为p7和苹果5哪个好	华为|||苹果5
495,百度一年招聘多少人？	百度
496,极品飞车15存档放哪？	极品飞车15
497,谁知道诸葛亮的个人简介?	诸葛亮
498,科比和詹姆斯谁厉害？	科比|||詹姆斯
499,申请百度知道企业平台是怎样收费的？	百度知道企业平台
500,求行尸走肉1-6季百度云	百度云
501,现在的移动4G网络，什么手机可以用啊？？	4g
502,珠海和威海那里更适合哈尔滨人居住	威海|||珠海|||哈尔滨人
503,第一次鸦片战争中国是否应该以反击为主体	中国|||鸦片战争
504,诸葛亮的出师表翻译	诸葛亮|||出师表
505,求剑侠情缘3 一游戏名字	剑侠情缘3
506,用C语言写的工具。求例子。	c语言
507,莱州市沙河镇最近市场情况如何？	沙河镇|||莱州市
508,iphone6卸载软件时 安装包删除了吗	iphone
509,小米路由器下雨上不了网咋办	小米路由器
510,求韵达快递的报价单	韵达
511,QQ飞车怎么结婚？？？	qq飞车
512,伍迪艾伦的电影，请谁知道的帮我列出来下。	伍迪艾伦
513,IE6.0浏览器的官方下载在哪啊?	浏览器|||ie6.0
514,霍建华演过的所有电视剧	霍建华
515,美国历次发动的侵略战争的战果	美国
516,索尼st25i 在苏州大楷多少钱啊?	苏州|||索尼st25i
517,OPPON3手机进水主板烧了还能修好吗？	oppon3
518,大众新速腾和英朗XT。选哪个好呢？	英朗xt|||大众
519,用了蓁蓁过敏了怎么办	nil
520,我想炒俄罗斯股票市场	俄罗斯|||股票
521,宁波如何到普陀山旅游？	普陀山|||宁波
522,海南岛有些什么水果？	海南岛
523,钓鱼岛现在实际控制在日本还是中国？	中国|||钓鱼岛|||日本
524,海尔电脑主板开机引线在哪个位置	海尔
525,南极人黄金甲保暖衣	保暖衣|||南极人
526,中国打算造几艘航母？	中国|||航母
527,上海F1赛道长度	上海
528,c#三层架构的删除	c#
529,班得瑞轻音乐下载	nil
530,麦迪现在生涯总共得了多少分??	麦迪
531,王俊凯的新浪微博是多少呀	新浪微博|||王俊凯
532,怎样把酷狗音乐放在桌面上	酷狗音乐
533,5230仿iphone主题下载	iphone
534,传奇服务器端下载	nil
535,捷豹xj车身有那么宽吗	捷豹xj
536,IBM x230 加什么内存条？	内存条
537,lol美服注册不了	lol
538,容声冰箱温度调节	容声冰箱
539,美菱196B的冰箱耗电吗?	美菱
540,英雄联盟英雄都有多少点卷的（价位）？	英雄联盟
541,天猫双十一买了半个月没到怎么投诉	双十一|||天猫
542,江门有线宽带装wifi	江门
543,大话西游2第五坐骑怎么计算的	大话西游2
544,郭富城好听的歌曲有哪些?	郭富城
545,如何用海康威视硬盘录像机实现远程监控呢？	海康威视|||录像机
546,山东威海荣成赤山大酒店怎么样	赤山大酒店|||山东
547,支付宝卡通安全吗？	卡通|||支付宝
548,毛主席的小故事	毛主席
549,360浏览器耍流氓，关不掉怎么办啊	360浏览器
550,天天向上的一张门票多少钱	天天向上
551,爱奇电子书网站怎么都是广告？	爱奇电子书
552,保时捷911 报价	保时捷911
553,顺丰快递订单查询	顺丰快递
554,怎样加盟顺风快递公司	顺风
555,圆通快递可以先拆包裹验货后再签字的?	圆通快递
556,12306网页打不开	nil
557,苹果手机忘记密码怎么办	nil
558,QQ三国怎么快速升级	qq三国
559,tnt几级送5级以上芯片啊	nil
560,小花仙有没有第二季？	小花仙
561,为什么看在sohu高清看电视剧老卡	sohu
562,奇骏上面的两个射灯怎么开	奇骏
563,小米3系统更新后不能开机	小米3
564,洛克王国 探险者协会怎么领周公资？	洛克王国|||探险者
565,赶集网，那些招淘宝客服的是不是真的？	淘宝|||赶集网
566,iFOREX外汇监管及资金安全如何？	外汇
567,求湖南卫视在线直播的网址，	湖南卫视
568,济南历城区花园路在哪里组张电脑	济南|||历城区|||花园路
569,华为荣耀4C 手机怎么样 好不好用	华为
570,一汽马自达阿特兹汽车怎么样发动机好吗	阿特兹|||一汽|||马自达
571,SUHO是什么意思	nil
572,《中华人名共和国未成年人保护法》摘要	未成年人保护法
573,玩cf卡bug会导致电脑闪屏么?	bug
574,实体店买苹果笔记本电脑分几期不用利息?	实体店|||苹果笔记本
575,捷达车开了四万多公里是不是轮胎前后换换呢	捷达
576,微信天天爱消除游戏是否可以用小号送心？	天天爱消除|||微信
577,美国EB5移民靠谱吗？成功率如何？	美国
578,淘宝ONLY代购问题	淘宝
579,天猫、京东，哪个网货更真？	京东|||天猫
580,在北京协和医院上完博士必须在协和工作吗	北京协和医院
581,苹果6s什么时候推出市场？	苹果6s
582,厦门鼓浪屿景点门票	厦门|||鼓浪屿
583,反恐精英OL刀	反恐精英ol
584,pps耗流量吗	nil
585,红米note2没数据线怎么样和电脑连接	红米note|||数据线
586,在网上哪里可以看湖南卫视直播	湖南卫视
587,独占帝王心：弃妃不承欢 大结局	独占帝王心
588,桌面提醒精灵V1.21  卸载	桌面提醒精灵
589,张杰和谢娜一起参加过多少节目？都有什么？	张杰|||谢娜
590,目前中国有没有航母？	中国|||航母
591,中国的3G上网速度和电信ADSL那个快？	中国|||电信|||adsl|||3g
592,有关阿波罗20号 月球飞船残骸	月球|||飞船|||阿波罗
593,支付宝密码忘记而且换了手机号怎么办	支付宝
594,月之恋人主题曲哪里有下载	月之恋人
595,怎么设置ie浏览器打开之后直接显示主页	ie浏览器
596,中国电信手机上网套餐	中国电信
597,现在宝马有几款车型啊	宝马
598,中国要向印度开战了吗	中国|||印度
599,求一款iphone的app照片软件	app|||iphone
600,平安银行银行卡定期后可用支付宝转出吗	平安银行|||支付宝
601,dell win7怎么设置屏保	win7|||dell
602,如何使用火狐上网上银行	火狐
603,酷比魔方mp5怎么样	酷比魔方mp5
604,易朴文件夹加密软件怎么卸载	nil
605,陈妍希和陈晓是否在一起啦！	陈晓|||陈妍希
606,oppo手机主题跟锁屏谁有？	nil
607,神舟 战神 k670e-i7d2怎么样	神舟|||战神|||i7
608,济南现在什么购物卡比较适合送礼？	济南
609,这电脑配置玩诛仙3卡，差什么	诛仙
610,快乐十分有没有官方网？	nil
611,诺基亚客服电话	诺基亚
612,奥迪Q5与别克昂科雷哪个更好？	别克昂科雷|||奥迪q5
613,诺基亚手机自带浏览器上不了网	诺基亚|||浏览器
614,暗黑破坏神3什么时候出	暗黑破坏神
615,anyview3.0手机阅读器下载	anyview
616,金山卫士怎么删除	金山卫士
617,九阳豆浆机京东商城新买的，变色正常吗	京东商城|||九阳豆浆机
618,夏星散热器怎么样	夏星散热器
619,步步高电子词典A5可以下游戏吗？	步步高|||电子词典
620,这样的文字图片用美图秀秀怎么制作	美图秀秀
621,起凡黑暗三国怎么刷钱	黑暗三国|||起凡
622,红米手机联通版的省电模式在手机的什么位置	联通|||红米
623,墨攻天下武将属性怎样才算暗金武将	墨攻|||暗金武将
624,谁的百度云有左耳能看的	百度|||左耳
625,给一个大冲锋账号密码	大冲锋
626,我的迅雷下载总是下载不了，如何处理？	迅雷
627,谁知道刘若英演过的所有电影啊？？	刘若英
628,吴晓敏演过什么电视剧？	吴晓敏
629,笔记本电脑怎么开电信的无线宽带	电信
630,电信宽带网络不稳定	电信
631,电信合约机机卡分离	电信
632,剑侠2外传秘籍	剑侠2
633,迅游加速，魔兽世界	迅游|||魔兽世界
634,CF红魔特价多少钱	nil
635,铁友网和携程的关系	铁友网|||携程
636,墨子和孔子并称为什么	墨子|||孔子
637,报考青海省公务员能在河北考试吗	河北|||青海省
638,上海汉庭龙阳路店有wifi吗	上海|||汉庭|||龙阳
639,大金空调wp70系列外机尺寸是多少	大金空调
640,戴尔笔记本电脑怎么锁触摸屏？	戴尔笔记本
641,戴尔笔记本用3G无线网卡不能上网	3g|||戴尔笔记本
642,XPS和Alienware指的各是什么	alienware
643,急求：中南电力设计院和广东省电力设计院	中南电力设计院|||广东省
644,福州户籍中心咨询电话是多少?	福州
645,三星galaxy note2配置问题	三星
646,电脑无线网络无法修复什么原因	nil
647,百度贴吧的吧主可以看删帖记录吗	百度
648,我用手机录的视频怎样传到qq空间上	qq空间
649,江苏移动手机10元能包300兆流量吗	江苏
650,小米2s手机电信版的能放移动放移动的卡吗	电信|||小米2s
651,云南文山的房价是多少	云南文山
652,红楼梦中女子的命运	红楼梦
653,急！！蚌埠驾校考试中心在线等	蚌埠
654,利群门口买兰蔻化妆品是真的假的	兰蔻|||利群
655,海口乙肝医院哪家好	海口|||乙肝
656,CS反恐精英求个地图	反恐精英
657,2014年辽宁省政法干警考试报名？	辽宁省|||政法干警
658,2012年云南政法干警面试时间	云南|||政法干警
659,成都一品天下桑拿价格	天下|||成都
660,北京石景山吴庄附近有哪些幼儿园？	北京
661,冒险岛结婚要几个戒指啊？	冒险岛
662,问道号被盗找回后角色不见了怎么回事	问道
663,荆州市高级技工学校好吗?	荆州市
664,这个暑假我想在昌平县城游泳~~	昌平
665,不知道雅士利的奶粉怎么样?	雅士利
666,西沙群岛，还有那几个岛屿被越南占领？	西沙群岛|||越南
667,电影《沉默的羔羊》恐怖吗 恶心吗	沉默的羔羊
668,高圆圆属于什么脸型	高圆圆
669,怎么在电脑管家升windows10	windows10|||电脑管家
670,如何在手机内存卡上安装java软件	java|||内存卡
671,忘记光大银行信用卡申请资料	光大银行|||信用卡
672,为什么百度影音无法看电影了？	百度影音
673,天津小肥羊价格	小肥羊|||天津
674,谁能教我四川麻辣烫底料的做法?	四川|||麻辣烫
675,微信发送视频文件过大怎么办	微信
676,建行怎么给别人打钱	建行
677,河南鄢陵陈化店有各种花木吗？	陈化店|||鄢陵|||河南
678,赛尔号忍刀修炼的速度是多少？不用超能。	赛尔号|||超能
679,日本女人漂亮还是韩国女人漂亮？	韩国|||日本
680,赛尔号各系精灵王	赛尔号
681,剑灵帧数怎么提高	剑灵
682,急求圣经！（英文版）	圣经
683,QQ上老是有个神经病骚扰我怎么办？	qq
684,葫芦岛世纪高中到底怎么样啊	世纪高中|||葫芦岛
685,谢娜演过的电影有哪些	谢娜
686,苹果6 puls更换3gs的cpu可以吗	苹果6|||cpu
687,孙俪和邓超永远在一起	孙俪|||邓超
688,eset nod32 最新用户名和密码	nil
689,北京空气质量好。还是天津好。	天津|||北京|||空气
690,香奈儿美白面膜美白效果好吗？	面膜|||香奈儿
691,郑允浩的身价资产	郑允浩
692,cF我想要一个有永久雷神的号，求求你了！	雷神
693,安卓手机的音乐全都变成未知错误怎么办	安卓
694,注册支付宝一定要用真名吗？也要身份证吗？	身份证|||支付宝
695,支付宝转银行卡账多长时间到	支付宝
696,爱情公寓1迅雷下载	迅雷|||爱情公寓
697,天津淘宝街在什么位置?	淘宝|||天津
698,索尼爱立信手机主题怎么弄？	索尼
699,口袋西游和完美国际	口袋西游|||完美国际
700,gglive收费吗?	gglive
701,iPhone6指纹解锁没有反应	iphone6|||指纹
702,上海写字楼价格	上海|||写字楼
703,怎样从电脑把电视剧下载到手机搜狐视频里面	搜狐视频
704,关于淘宝支付，快来帮帮我	淘宝
705,用什么软件可以查看别人的QQIP地址	nil
706,U盘HP惠普250W好还是金士顿好	金士顿|||惠普|||u盘
707,如何将PS3中的游戏拷贝到外置硬盘上?	nil
708,有没有带中国的红警MOD，	中国|||红警mod
709,红色警戒2中日战争下载任务包问题..	红色警戒2
710,QQ飞车几级才能点亮图标	qq飞车
711,抗日战争中日本是什么时候投降的？	抗日战争|||日本
712,湖南公务员报考	湖南
713,求 仙剑奇侠传4破解硬盘版 无毒的 谢谢	仙剑奇侠传
714,侠盗猎车罪恶都市下载	侠盗猎车罪恶都市
715,惠普cq515有必要升级内存到4G吗	4g|||惠普cq515
716,台湾长果桑，商品果卖多少钱1斤？	台湾|||长果桑
717,QQ斗地主新手训练场在哪里	训练场|||qq斗地主
718,轩辕传奇什么职业适合平民玩家	轩辕
719,求助：上海事业单位面试的技巧	上海
720,上海公务员考试行测如何复习?	上海
721,谁能给我发一个洛克王国的辅助器	洛克王国
722,兰蔻搭配什么面霜？我想保湿又美白	兰蔻
723,去神舟服务站加内存会贵不少吗？	神舟
724,玉兰油这个牌子的化妆品怎么样？	玉兰油
725,怎样才能删除百度的历史记录?	百度
726,qq西游里我卖东西别人怎么给我元宝	qq西游
727,昂达p45s p43s会死机重启	昂达p45s
728,新一剪梅的主题曲的歌名是什么	新一剪梅
729,2010中考成都语文答案	成都
730,IE 中的FLASH 无法播放	flash
731,富裕老窖 如意白酒的价格	富裕老窖|||如意白酒
732,EXCEL数据透视表怎么用？是干什么的	excel|||数据透视表
733,H3C路由器基本配置	3c|||路由器
734,为什么工商信用卡充不了支付宝？	信用卡|||支付宝
735,魔法黎明那游戏怎么样？有暗黑好玩吗？	魔法黎明
736,神行者D20怎么升级	神行者d20
737,中日战争是如何爆发的	中日战争
738,奥迪A6L2.4汽车刚买就出毛病	奥迪a6l
739,诺基亚e63自动关机问题	诺基亚e63
740,捷安特133电动车质量怎么样	捷安特|||电动车
741,快乐大本营主持人都有谁	快乐大本营
742,word2007 设置页码	word2007
743,三星I9300现在多少钱	三星i9300
744,步步高点读机t500人教版小学六年级下载	步步高点读机
745,psp3000视频转换工具	psp3000
746,360安全卫士设置默认播放器	360安全卫士
747,关于qvod快播播放器	nil
748,起凡三国争霸怎么练技术啊！	起凡三国|||三国争霸
